,transaction_id,category,title,price,time,main_contents,like,click_number,seller_location,seller_review_num,item_image,user_info,data_collect_time
1_0,mbpro_210427231136,mbpro,맥북프로m1 512g 거의새것,"1,550,000원",16시간 전,"어느정도 네고 가능해요 꽉막힌 사람 아닙니다 ㅠㅠ
1월중순쯤 사서 유튜브만 봤어요 ",2,64,인천광역시 남구 주안1동지역인증,상점후기3,쇼핑죠하상품9팔로워3,21-04-27 23:11:36,
1_1,mbpro_210427231142,mbpro,맥북프로13인치 급처분,"900,000원",16시간 전,맥북 구입은 작년1월에했고요 액정 리퍼한번받았어요 사용 거의안하고 집에만있어용 ,0,27,경기도 김포시 장기동지역인증,상점후기,상점76272778상품2팔로워0,21-04-27 23:11:42,
1_2,mbpro_210427231148,mbpro,맥북프로13인치 급처분,"900,000원",16시간 전,맥북 구입은 작년1월에했고요 액정 리퍼한번받았어요 사용 거의안하고 집에만있어용 ,0,27,경기도 김포시 장기동지역인증,상점후기,상점76272778상품2팔로워0,21-04-27 23:11:48,
1_3,mbpro_210427231155,mbpro,풀박스 상태A급 맥북프로15인치 2012mid,"500,000원",16시간 전,"거의 집에서만 사용하여 배터리 쌩쌩하며 박스 모두 그대로 있습니다. 

하판에 살짝 눌림자국 하나 있으며, 스크린 둘레 고무패킹은 상단이 살짝 손상은 있습니다.

당산 직거래 및 상의하여 가져다드릴수있습니다

택배거래도 가능합니다


2012년 Mid 모델
i7 2.3Ghz
램 16GB
윈도우 설치됨
SSD 256GB

9894-9993",0,22,서울특별시 영등포구 당산제1동,상점후기4,이우주1상품12팔로워0,21-04-27 23:11:55,
1_4,mbpro_210427231201,mbpro,2018 맥북프로 터치바 256G 팝니다,"850,000원",16시간 전,"무조건 직거래만 이용합니다!

1. 직거래 장소 : 왕십리 ~ 회기 
(그 주변 사시면 맞춰드립니다)

2. 세부설명 
사진을 보시다시피 약간의 흠집 및 생활기스 정도가 있습니다. 연락 시 참고바랍니다. 

3. 85만원/ 쿨거래 시 82만원까지 네고 가능합니다. 

추가적인 문의사항이 있으시면 연락부탁드립니다~!",0,25,서울특별시 동대문구 회기동지역인증,상점후기,왕십리회기상품1팔로워0,21-04-27 23:12:01,
1_5,mbpro_210427231207,mbpro,(미개봉)맥북프로 16인치 새상품(네고가능),"2,000,000원",16시간 전,"✨ 상세내용 필독 후 문의 바랍니다!✨

▶상점정보: 개인판매자가 아닌 전문업체입니다. 부가세 포함 결제시 현금영수증/세금계산서 발행 가능하며 거주 지역에 따라 직접 배송, 택배비 무료 서비스 지원 드리고 있습니다.

▶기본 소요기간 연장으로 인한 판매가 임시 인하 되었음을 안내드립니다.

▶배송기간: A상품 3~5개월 소요품/B상품 8주 소요품 중 선택 가능
     ->상품 금액대별 유통처가 달라 유통구조 및 배송기간이 상이합니다. 

-.A 3-5개월 배송 소요품 프로모션 할인가 (애플코리아 미개봉)
▶3~5개월내 수령 가능 제품 가격 (재고확인필수->구매시기에 따라 품절되었을수있음)
✨16인치 기본형(512기가) - 200만원  
✨16인치 고급형(1TB) -재고별도문의

-.B 평균 8주 배송 소요품/ 지연시 12주 소요 할인가 (미개봉)
✨16인치 기본형(512기가) - 220만원
✨16인치 고급형(1TB) - 재고별도문의

▶추가 할인:  2월 이벤트 학생네고 적용 (이벤트 2월 28일  마감) 
                      3월 이벤트 당일결제시 쿨거래네고 인상적용/ 부가세 할인 이벤트

▶위 기제된 모든 가격은 부가세 비포함된 현금가 입니다.  (부가세 포함시 현금영수증 발행 가능합니다)

▶애케플 가입 가능한 애플코리아 미개봉 정품 상품만 취급하며 리퍼 및 가개통 상품은 별도 판매하지 않습니다.

▶직거래 문의: 주문시 신규재고 발주드리는 시스템입니다. 프로모션 상품은 예약 판매인 관계로 직거래가 어렵습니다.(미리 주문후 방문수령가능)

▶주문전 주의 사항: 배송기간이 상당히 오래 소요되는 상품이오니 충분히 고민하신후 문의 부탁 드립니다. 코로나 19 문제로 물류 공급이 원활하지 않습니다. 물류지연이 빈번히 발생되고 있으며 이에 따른 배송트러블로 단가 인하되었습니다. 저렴한 가격만 보고 문의 주시는것보다는 상점 후기 참고 및 판매글 본문 내용에 적힌 기본 소요 배송기간을 꼭 참고하신 후에 구매 결정해주시면 감사드리겠습니다. 

▶배송지연 발생시 ""배송지연 보상금 페이백"" 정책 운영중입니다.
     -> 꿀잼상점 플러스친구 게시판에 공지하였습니다.

▶번개페이 문의: 번개페이는 꼭 카드결제가 필요하신 분들만 받겠습니다. 안전결제가 아닌 단순 카드결제 수단으로만 사용드리니 결제 진행전에 꼭 상담후에 진행해주세요,상담 진행 없이 임의 결제 진행 즉시 취소처리 드립니다.안전결제x)

▶상담 플랫폼:모든 배송 문의는 카카오톡 플러스친구: @꿀잼상점 검색후 문의부탁드립니다.오픈카톡이 아닌 기업용 플러스친구로 검색후 문의 부탁드립니다. 평일 오전9시~저녁18시 상담사 실시간 대기

▶할인가로 구매하신 경우 상품수령후 포토후기 필수
",471,40653,전국,상점후기899,꿀잼상점030상품38팔로워6443,21-04-27 23:12:07,
1_6,mbpro_210427231214,mbpro,2019 맥북프로 13인치 터치바 256GB 램16,"1,550,000원",16시간 전,"20년 3월초에 애플공홈에서 230만원 조금 넘게 구매했습니다.
실사용시간 합산 5시간정도?되는거같은데 손에꼽을정도로만 켜봤지 정말 안썼고 카톡, 인터넷서핑 용도로 집에서만 사용해서 정말정말 깨끗합니다! 사이클수 8이에요 그정도로 사용 정말 안했어요~

애플케어 23년 3월 7일까지
원하시면 초기화 후 정품파이널컷 설치해드려요 (제가 직접 구매했어요)
+멀티포트 새것도 드릴게요 사놓고 안썼습니다

애플제품이 좋아서 맥북산건데 생각보다 불편하고 잘 안쓰게되어 판매합니다.
맥북 박스 구매한 그대로 다있습니다.
백라이트 키보드는 영어에요. 깔끔하게 쓰고싶어서 한글키보드 안넣었어요.

구매하시면 4만원넘는 맥북 파우치도 같이드릴게요! 엄청 깔끔하고 예뻐요 (맨마지막 사진 첨부)
문의 주세요 :) 인증도 원하시면 꼼꼼히해드려요.
​
직거래는 경기도광주 초월, 쌍령, 경안동에서 가능합니다. 가급적 직거래 원해서 가까운 타지역이면 조율 가능해요.",21,1697,경기도 광주시 초월읍지역인증,상점후기8,안뇽앙뇽앗뇽상품36팔로워4,21-04-27 23:12:14,
1_7,mbpro_210427231220,mbpro,맥북프로 m1,"1,500,000원",16시간 전,"맥북프로 m1 실버 256기가 입니다.
1/16 가로수길 애플스토어에서 구매했습니다.
한두번? 사용해서 거의 새상품이고 풀박스로 있습니다.
궁금한점 연락주세요!",1,72,인천광역시 계양구 계양3동,상점후기71,dnjsrod3상품21팔로워20,21-04-27 23:12:20,
1_8,mbpro_210427231226,mbpro,(새상품)맥북프로2020 13인치 M1칩 탑재 미개봉 네고,"1,050,000원",16시간 전,"✨ 상세내용 필독 후 문의 바랍니다!✨

▶상점정보: 개인판매자가 아닌 전문업체입니다. 부가세 포함 결제시 현금영수증/세금계산서 발행 가능하며 거주 지역에 따라 직접 배송, 택배비 무료 서비스 지원 드리고 있습니다.

▶기본 소요기간 연장으로 인한 판매가 임시 인하 되었음을 안내드립니다.

▶배송기간: A상품 5개월 소요품/B상품 8주 소요품 중 선택 가능
     ->상품 금액대별 유통처가 달라 유통구조 및 배송기간이 상이합니다. 

-.A 5개월 배송 소요품 프로모션 할인가 (애플코리아 미개봉)
▶3~5개월내 수령 가능 제품 가격 (재고확인필수->구매시기에 따라 품절되었을수있음)

✨맥북프로 13인치 256기가 기본형 M1 - 105만원
✨맥북프로 13인치 512기가 고급형 M1 - 135만원

-.B 8주 배송 소요품 할인가 (미개봉)
✨맥북프로 13인치 256기가 기본형 M1 -140만원
✨맥북프로 13인치 512기가 고급형 M1 -170만원

▶추가 할인:  학생 인증후에 학생네고 적용 가능   /문의 당일 결제하신 경우 쿨거래네고 중복 적용 가능.

▶위 기제된 모든 가격은 부가세 비포함된 현금가 입니다.  (부가세 포함시 현금영수증 발행 가능합니다)

▶애케플 가입 가능한 애플코리아 미개봉 정품 상품만 취급하며 리퍼 및 가개통 상품은 별도 판매하지 않습니다.

▶직거래 문의: 주문시 신규재고 발주드리는 시스템입니다. 프로모션 상품은 직거래가 어렵습니다.(미리 주문후 방문수령가능)

▶주문전 주의 사항: 배송기간이 상당히 오래 소요되는 상품이오니 충분히 고민하신후 문의 부탁 드립니다. 코로나 19 문제로 물류 공급이 원활하지 않습니다. 물류지연이 빈번히 발생되고 있으며 이에 따른 배송트러블로 단가 인하되었습니다. 저렴한 가격만 보고 문의 주시는것보다는 상점 후기 참고 및 판매글 본문 내용에 적힌 기본 소요 배송기간을 꼭 참고하신 후에 구매 결정해주시면 감사드리겠습니다. 

▶배송지연 발생시 ""배송지연 보상금 페이백"" 정책 운영중입니다.
     -> 꿀잼상점 플러스친구 게시판에 공지하였습니다.

▶번개페이 문의: 번개페이는 꼭 카드결제가 필요하신 분들만 받겠습니다. 안전결제가 아닌 단순 카드결제 수단으로만 사용드리니 결제 진행전에 꼭 상담후에 진행해주세요,상담 진행 없이 임의 결제 진행 즉시 취소처리 드립니다.안전결제x)

▶상담 플랫폼:모든 배송 문의는 카카오톡 플러스친구: @꿀잼상점 검색후 문의부탁드립니다.오픈카톡이 아닌 기업용 플러스친구로 검색후 문의 부탁드립니다. 평일 오전9시~저녁18시 상담사 실시간 대기

▶할인가로 구매하신 경우 상품수령후 포토후기 필수
",449,27453,전국,상점후기899,꿀잼상점030상품38팔로워6443,21-04-27 23:12:26,
1_9,mbpro_210427231233,mbpro,맥북 프로 2016 256기가,"650,000원",16시간 전,"맥북 프로 16년식 256기가 판매 & 교신합니다

교신은 맥북 에어2018이랑 아이패드 에어4랑 합니다

찍힘이나 큰 기스같은거 없이 큰 하자 없습니다

디스플레이 하자 조금 있습니다

저렇게 가로선이 보입니다

그리고 흰 화면 나오면 가장자리가 살짝 붉습니다

영상보거나 할때는 큰 문제 없습니다

저도 인강용으로 사용했습니다

필요하시면 영상도 보내드리겠습니다

풀 박스이고 충전기까지 다 있습니다

수리한적 없습니다

사이클수 250정도",12,709,경상북도 칠곡군 석적읍지역인증,상점후기58,ehdhur9상품142팔로워34,21-04-27 23:12:33,
1_10,mbpro_210427231239,mbpro,맥북프로 13인치 (EARLY 2011),"280,000원",16시간 전,"* 맥북 프로 13인치 *

모델 : EARLY 2011
CPU : 2.7GHz INTEL CORE i7
메모리 : 8GB
저장장치 : 500GB HDD
그래픽 : INTEL HD GRAPHICS 3000
MAC OS : HIGH SIERRA

외관은 사진처럼 상판 한쪽 모서리
약간 눌렸고 그 외에는 깨끗하며
정상 동작합니다.
키보드, 무선랜, USB, DVD 정상이며
배터리는 3 사이클 입니다.
사진의 노트북과 맥세이프만 있고
인천 동암역에서 상태 확인 후 직거래 
또는 택배 착불로 거래 가능합니다.
",1,85,인천광역시 부평구 십정2동,상점후기15,파파야3458상품45팔로워35,21-04-27 23:12:39,
1_11,mbpro_210427231246,mbpro,맥북 프로 2020 256g 스페이스그레이,"1,150,000원",16시간 전,"맥북 프로 2020년형 256기가 스페이스 그레이
작년 6월 23일 구매
보증기간 3개월 이상 남아있음
배터리 사이클 17
영문키보드
사놓고 노래 틀어놓는 것 이외에 거의 쓴 일이 없음
거의 새것입니다
구산역 직거래 가능합니다
택배거래도 가능하지만 웬만해서는 직거래가 나을겁니다
파우치는 키티버니포니 제품 3만원만 주시면 같이 드립니다
",17,585,서울특별시 은평구 구산동지역인증,상점후기13,기노만상품84팔로워8,21-04-27 23:12:46,
1_12,mbpro_210427231252,mbpro,(꿀매) 맥북프로 2015mid 15인치 (제조2017년),"1,290,000원",16시간 전,"모든 상품정보 사진에 다 들어가 있습니다

신용은 후기보시면 잘 아실겁니다 

편히 연락주세요!!!

❣️사이클 소폭 상승중 (성능저하 방지 및 배터리 방전 방지)

❣️포맷 초기화해서 익일 발송",35,2816,인천광역시 남동구 구월1동지역인증,상점후기49,인싸양성소상품22팔로워20,21-04-27 23:12:52,
1_13,mbpro_210427231258,mbpro,"맥북 2015년 프로 13 ""","550,000원",17시간 전,"2015 맥북 프로 레티나 13인치 16램 128GB 2.7Hz i5 노트북

깨끗하게 사용했습니다. 보호 필름으로 기스 없습니다.

삼성 가벼운 노트북이나 교환도 고려하겠습니다 판매 55만원
***-****-****",1,17,서울특별시 서초구 양재1동지역인증,상점후기21,로린저상품245팔로워75,21-04-27 23:12:58,
1_14,mbpro_210427231305,mbpro,맥북프로15인치2015 고급형,"1,100,000원",17시간 전,"맥북 프로 15인치 2015 레티나 디스플레이 mid 2015
고급형 모델입니다.

CPU 인텔 i7 2.8GHz 쿼드코어
램 16
SSD 256G
그래픽카드Intel Iris Pro 1536 MB

* 썬더볼트 단자 2개, 최근 맥북에서 지원하지않는 HDMI 포트, SD카드 리더포트 등 탑재되어있는 최종작입니다.

> 사진 작업 및 영상 송출 등에서 매우 편리합니다. + 허브 따로 구매하지 않고 안정성 확보가능합니다.

구성품 : 풀박스

영상편집 및 일러스트레이션시 트루톤으로 디스플레이를 주사하는 레티나 디스플레이입니다. 
디자인 하시는 분들께서 사용하시면 가장 좋은 작업 능률을 낼 수 있습니다.

자세한 안내사항은 첨부한 사진 확인해주시면 됩니다.
사과에서 빛 나오는 감성 애플의 마지막 역작, mid 2015 들이시면 됩니다. 

엔지니어링, 디자인, 음악작업에서는 후 5년까지 해당 제품 현역으로 봅니다.

고가의 전자제품이다보니 직거래 선호합니다


택배거래시 안전하게 보내드리겠습니다.",0,10,전국,상점후기,CMXH210상품1팔로워0,21-04-27 23:13:05,
1_15,mbpro_210427231311,mbpro,맥북 프로 2015,"550,000원",17시간 전,"맥푹 프로 2015 13인치 입니다
사진에 보다시피 모서리쪽에 자그만 찍힘외에는 하자 전혀 없고 커버와 케이스 계속 끼고 있어서 상태 좋습니다
ssd 128기가 램8기가 입니다",0,239,서울특별시 종로구 종로1.2.3.4가동,상점후기1,문찐하상품14팔로워0,21-04-27 23:13:11,
1_16,mbpro_210427231317,mbpro,2014 맥북 프로,"350,000원",17시간 전,"* 사진처럼 찍힘 2개 정도 있습니다

* 나머지 액정, 바닥,키보드,스피커상태는 양호합니다

* 사이클 323회입니다

* 다음주 목요일까지 시험기간이라 이후에 택배거래 가능하며 대구는 직거래도 가능합니다. 답장 느릴 수 있습니다 ㅠ
 
*하드125gb",4,78,대구광역시 북구 태전2동지역인증,상점후기2,도토리맛상품7팔로워0,21-04-27 23:13:17,
1_17,mbpro_210427231324,mbpro,맥북프로 16인치,"2,450,000원",18시간 전,"애플 공홈에서 369만원에 판매중인 맥북프로 16인치 고급형입니다.
2020년 3월에 구매하여 현재까지 사용하였고
실내에서만 사용하다보니 상처나 스크래치 전혀 없습니다.
구매 후 바로 전신보호 필름을 붙여놔서 필름떼시면 더욱 깨끗해집니다.

사양은 사진에 첨부되어 있습니다
사진에 표기되어 있지 않은 외장그래픽 사양은 라데온 5500m 입니다
배터리 사이클 155회입니다
박스보유하고 있습니다
문의주세요 !

40.8cm(16인치)/인텔/코어i9-9세대/커피레이크-R/i9-9880H (2.3GHz)/옥타코어/운영체제(OS): macOS Catalina/3072x1920/DCI-P3: 지원/IPS/광시야각/트루톤/LPDDR4(온보드)/16GB/SSD/1TB/외장그래픽/라데온 Pro 5500M/VRAM:4GB/802.11ac(Wi-Fi 5)/웹캠(HD)/썬더볼트3: 4개/USB 3.1 Type-C/USB-A없음/키보드 라이트/지문 인식/Apple T2/터치바/ㅗ형 방향키/배터리: 100Wh/충전단자: 타입C/두께: 16.2mm/무게: 2.0kg/주문제작상품/용도: 그래픽작업용/색상: 그레이",20,1257,서울특별시 중구 광희동지역인증,상점후기6,컴공오빠상품34팔로워0,21-04-27 23:13:24,
1_18,mbpro_210427231330,mbpro,맥북프로레티나,0원,18시간 전,,0,8,전국,상점후기,3쁘니입니다상품6팔로워0,21-04-27 23:13:30,
1_19,mbpro_210427231348,mbpro,맥북프로레티나,0원,18시간 전,,0,8,전국,상점후기,3쁘니입니다상품6팔로워0,21-04-27 23:13:48,
1_20,mbpro_210427231355,mbpro,2020년 맥북프로 13형 고급형,"1,950,000원",17시간 전,"2020년 맥북프로 13형 고급형 스페이스 그레이 판매합니다.

2021년 2월 말경에 배송을 받은후 현제 보관중 있습니다
i5  10세대 CPu
16기가 램 
고용량 1TB SSD업그레이드 버젼입니다.
​
맥북으로 입문하려고 했으나 기존에 쓰던 삼성노트북
으로 사용하고자 판매 합니다 
애플 정품이며 그의 새것 상태입니다 
​
",2,54,서울특별시 송파구 문정1동지역인증,상점후기7,골목길상점상품23팔로워6,21-04-27 23:13:55,
1_21,mbpro_210427231401,mbpro,맥북프로 2018 15인치 256gb,"1,300,000원",17시간 전,"2019년 12월 구매 

인기 많은 영문자판 입니다

구성품은 풀박스에 매직마우스, c타입 젠더 입니다

나머지는 하자가 없으나 d키가 손톱이 길어서 그런지 살짝 벗겨졌습니다 ㅠ 문의주세요

직거래는 신림역 가능

매직마우스, 젠더도 서비스로 같이 드립니다!",15,221,서울특별시 관악구 신림동지역인증,상점후기13,아리라랄라루레상품44팔로워11,21-04-27 23:14:01,
1_22,mbpro_210427231408,mbpro,맥북프로 13인치 입니다,"230,000원",18시간 전,"i5 2.4ghz 
ssd 120g
ram 8g
그래픽카드 내장 512m
밧데리 양호함  싸이클 280
기능   이상무
상태 양호함 
본체 ㆍ충전기 ㆍ드립니다",0,61,서울특별시 노원구 상계6.7동지역인증,상점후기4,땅당하자상품8팔로워11,21-04-27 23:14:08,
1_23,mbpro_210427231427,mbpro,2015 맥북프로 15인치 기본형 CTO,"1,200,000원",17시간 전,"2015 맥북프로 15인치 기본형 CTO

MODEL : Macbook pro(Retina, 15-inch, Mid 2015)
CPU : Intel i7 2.5ghz
GPU : Intel Iris 1536 MB
RAM : 16GB
SSD : 512GB

기본형에서 CPU와 SSD 업글 상품입니다.

공식센터에서 배터리 교체 받았고, 배터리와 키보드가

일체형이라 키보드도 함께 교체 되었습니다.

풀박 보유는 아니지만 외관 상태는 좋으므로 많은 문의주세요!


쿨거리시 네고 해드려요",2,133,경기도 수원시 영통구 영통1동,상점후기6,hs3678상품23팔로워3,21-04-27 23:14:27,
1_24,mbpro_210427231448,mbpro,2011 맥북 프로 15인치 판매합니다.,"400,000원",17시간 전,"맥북 프로 11년도 15인치 판매합니다.

사촌형이 예전에 편집용으로 잠깐 쓰시던건데 
제가 받아서 쓰려다가 사용방법을 잘 몰라서 팝니다.

생활기스(사진 참고) 
약간씩 있는거 빼고는 겉은 이상 없고, 
연식이 있음에도 불구하고 현재 사용하기에 
불편함 없이 충분히 괜찮습니다!
액정, 자판 상태 매우 양호합니다.

풀박스는 현재 없고, 
맥세이프(충전기)랑 쿨링패드(같이 사용하려고 구매) 있습니다. 같이 드리겠습니다!

맥북입문, 영상 시청이나 동영상 편집용, 소장용으로 
충분히 가치있다고 생각합니다. 

잘 사용하시는 좋은 분께 갔으면 하는 바람입니다😆

전자제품이다보니 직거래 원하며
독산3동, 구디역, 신림역쪽에서 거래 가능합니다.
(쿨거래시 네고 가능하니 문의 부탁드립니다🤗)

떠보기❌, 사실 생각 있는분만 문의/연락주세요😄
비매너 거래 정중히 사양합니다😶",0,111,서울특별시 금천구 독산제3동지역인증,상점후기,제에뚜상품2팔로워0,21-04-27 23:14:48,
1_25,mbpro_210427231455,mbpro,맥북프로 13인치,"1,600,000원",19시간 전,"애플 공식 대리점에서 올해 초에 구입후 잘 사용하지를 않아 처분 하게 되었습니다 관리 엄청 잘 해 놓았으며 마우스랑 케이스도 무료로 드리겠습니다 연락주세요
***-****-**** 문자도 가능합니다",0,32,전국,상점후기1,zjqtm12상품5팔로워3,21-04-27 23:14:55,
1_26,mbpro_210427231501,mbpro,맥북프로 MXK32KH/A 램16GB CTO 애케플23년7월 팜,"1,470,000원",17시간 전,"2020 맥북프로13 MXK32KH/A 램16GB교체업글 CTO 

애플케어플러스(30만) 23년 7월까지
서울. 수도권 직거래하겠습니다
영ㅣ영 팔 478 칠 794

상세 스펙
33.78cm(13.3인치) / 코어i5-8세대 / 커피레이크 
i5-8257U 1.4GHz(3.9GHz) / 쿼드코어 
운영체제(OS): macOS / 2560x1600(WQXGA) 
DCI-P3: 지원 / 최대 500 / 슬림형 베젤 / 트루톤 
Retina / LPDDR3(온보드) / 16GB / SSD 256GB 
내장그래픽 / 802.11ac(Wi-Fi 5) / 썬더볼트3: 2개 
USB 3.1 Type-C / 지문 인식 / 터치바 / ㅗ형 방향키 
충전단자: 타입C / 두께: 15.6mm / 무게: 1.4kg /
용도: 사무/인강용, 휴대용 / 색상: 그레이  

안전결재X . 무리한가격제시 무시",0,12,경기도 파주시 운정1동지역인증,상점후기1,SA랑데뷰상품5팔로워5,21-04-27 23:15:01,
1_27,mbpro_210427231507,mbpro,맥북프로 16인치,"2,450,000원",18시간 전,"애플 공홈에서 369만원에 판매중인 맥북프로 16인치 고급형입니다.
2020년 3월에 구매하여 현재까지 사용하였고
실내에서만 사용하다보니 상처나 스크래치 전혀 없습니다.
구매 후 바로 전신보호 필름을 붙여놔서 필름떼시면 더욱 깨끗해집니다.

사양은 사진에 첨부되어 있습니다
사진에 표기되어 있지 않은 외장그래픽 사양은 라데온 5500m 입니다
배터리 사이클 155회입니다
박스보유하고 있습니다
문의주세요 !

40.8cm(16인치)/인텔/코어i9-9세대/커피레이크-R/i9-9880H (2.3GHz)/옥타코어/운영체제(OS): macOS Catalina/3072x1920/DCI-P3: 지원/IPS/광시야각/트루톤/LPDDR4(온보드)/16GB/SSD/1TB/외장그래픽/라데온 Pro 5500M/VRAM:4GB/802.11ac(Wi-Fi 5)/웹캠(HD)/썬더볼트3: 4개/USB 3.1 Type-C/USB-A없음/키보드 라이트/지문 인식/Apple T2/터치바/ㅗ형 방향키/배터리: 100Wh/충전단자: 타입C/두께: 16.2mm/무게: 2.0kg/주문제작상품/용도: 그래픽작업용/색상: 그레이",20,1257,서울특별시 중구 광희동지역인증,상점후기6,컴공오빠상품34팔로워0,21-04-27 23:15:07,
1_28,mbpro_210427231514,mbpro,맥북프로 기본형 15인치 2018 애케플,"1,450,000원",18시간 전,"2018년형 맥북 프로 15인치 기본형 모델 스그색상, 한글자판.
현재 macOS Mojave로 초기화 해둔상태
2021년 4월 27일 상판 교체. 
하판에 약간의 생활기스. 
하판에 블루라운지 킥플립 부착된 상태.

충전기, 케이블 등 풀박스 구성 (사용감 있음)

애플 케어 프로텍션 남아있음 (21년 12월 29일까지)

배터리 사이클 141 
(디스플레이 교체 전 기준. 현재 OS 초기화 이후 최초등록 화면까지 해놓은 상태라 배터리 사이클 확인이 안되는데 1~3사이클정도 늘어나 있을 수 있습니다)

현재 디스플레이를 다 교체한상태로
새것같은 상태

자세한건 톡주시고
아주빠른 쿨거래시 차비정도 빼드려요
",0,20,서울특별시 마포구 망원제2동,상점후기26,미니멀마켓상품90팔로워13,21-04-27 23:15:14,
1_29,mbpro_210427231520,mbpro,2019 맥북프로 13인치 512GB,"1,250,000원",19시간 전,"19년 말에 구매한 맥북프로입니다.
(intel i5 2.4GHz 쿼드코어 Ram 8GB메모리)
배터리사이클은 궁금하시면 알려드릴게요. 리튬이온배터리 특성을 고려하여 잘 관리하였습니다.
메인보드 오류로 애플가로수길에서 메인보드와 모니터 AS받았습니다.(거의 새상품). 나머지는 수리받은 곳 없이 잘 관리하였습니다. 
생활기스는 없고 찍힘 조금 있는 A급상태입니다.
정상작동되고 오류 전혀 없습니다.
문의 바랍니다.",0,19,경기도 안양시 동안구 평촌동지역인증,상점후기,오리드해상품1팔로워0,21-04-27 23:15:20,
1_30,mbpro_210427231526,mbpro,2019 맥북프로 13인치 512GB,"1,250,000원",19시간 전,"19년 말에 구매한 맥북프로입니다.
(intel i5 2.4GHz 쿼드코어 Ram 8GB메모리)
배터리사이클은 궁금하시면 알려드릴게요. 리튬이온배터리 특성을 고려하여 잘 관리하였습니다.
메인보드 오류로 애플가로수길에서 메인보드와 모니터 AS받았습니다.(거의 새상품). 나머지는 수리받은 곳 없이 잘 관리하였습니다. 
생활기스는 없고 찍힘 조금 있는 A급상태입니다.
정상작동되고 오류 전혀 없습니다.
문의 바랍니다.",0,19,경기도 안양시 동안구 평촌동지역인증,상점후기,오리드해상품1팔로워0,21-04-27 23:15:26,
1_31,mbpro_210427231533,mbpro,맥북프로 터치바 2016 13인치 스페이스그레이,"680,000원",18시간 전,"안녕하세요 
맥북프로 터치바 2016년식 13인치입니다
250g기가 
스페이스 그레이색상
하자 - 일체없습니다
잔기스 +기스 아예없음
터치바 하자 일체없음
키패드 하자일체없음
스피커 정상
집에서 넷플릭스만 사용!
사이클-17 

구성품: 박스+노트북+정품충전기+애플마우스1 


쿨거래시 에눌조금해드리며 , 택배는 집앞 우체국으로 
꼼꼼히포장해서 보내드려요 ! 우체국은 하루만에 받아볼수있습니다
컴퓨터를 사서 노트북 팝니다~ 
교환은일체안해요!",13,112,전국,상점후기2,안늗상품16팔로워1,21-04-27 23:15:33,
1_32,mbpro_210427231551,mbpro,맥북 프로 16인치 고급형,"2,300,000원",18시간 전,안녕하세요 2020년도 8월달 큰 맘 먹고 구매하여 영상편집 등 배워보려했는데 일 끝나고 항상 지쳐 제대로 배우지 못해 방치하고 돈 아까워서 노래 듣고 넷플만 보니 너무 돈낭비 같아서 내놓습니다. 직거래 위치는 원주입니다. 궁금하신 점 모두 편하게 연락주시면 답장 드리겠습니다. 램 16gb ssd 1tb로 업그레이드하여 구매하였고 찍힘이나 기스같은거 하나 없이 잘관리 하였습니다. 박스포함 처음 구성품 그대로 가지고있으니 구매의사 있으신분들 편히 연락주세요,6,241,강원도 원주시 행구동지역인증,상점후기,아술왕상품1팔로워0,21-04-27 23:15:51,
1_33,mbpro_210427231557,mbpro,맥북프로 15인치 판매합니다.,"75,000원",18시간 전,"맥북프로 2008년 구입 15인치 판매합니다.
오랜동안 방치했다가 정리차 내놓습니다.
액정은 깨끗한데 현재 전원이 안들어옵니다.
거래시 하드만 제외하고 부품용으로 내놓습니다.

*반품없이 쿨거래 하실분만 연락주세요.
",49,17225,서울특별시 구로구 신도림동,상점후기1,ROCKETSHOP상품14팔로워4,21-04-27 23:15:57,
1_34,mbpro_210427231604,mbpro,2018 맥북프로터치바 13인지,"846,000원",18시간 전,"이직으로 내놓습니다
디자인용도로 사용했고
스크레치나 찍힘이 있어 싸게 내놓습니다",3,119,경기도 안양시 동안구 관양2동,상점후기,부웅마캣상품10팔로워0,21-04-27 23:16:04,
1_35,mbpro_210427231621,mbpro,맥북프로A1708,"550,000원",20시간 전,"맥북 프로 A1708  판매합니다 
사진보신것 처럼  완전 특A급 이구요
박스는 없습니다  정품 충전기 케이블은 사제
입니다 
초기화 해놨습니다
",2,45,경기도 양주시 양주2동지역인증,상점후기1,황대장21상품2팔로워0,21-04-27 23:16:21,
1_36,mbpro_210427231639,mbpro,맥북프로 2013 13인치,"350,000원",20시간 전,"맥북프로 2013 Late 13인치 모델입니다.
저도 중고로 구매하여 사용하였으며, 제 사용기간은 2년입니다. 
추가로 제가 구매한 sd카드 슬롯에 삽입하는 형태의 용량 확장 액세서리 트랜센드 제트드라이브 라이트 256기가 제품도 같이 있습니다.
디스플레이에 스테인이 좀 있는 상태이며, 맥북 태두리의 미세한 찌그러짐이 있으며, 요청해주시면 사진 보내드립니다.
원하신다면 원하는 버전의 맥os로 포맷해서 드릴 수 있으며, 현재는 일단 최신버전을 설치해두었습니다.

노트북이라는 특성상 만나서 직거래 또는 번개페이 안전거래만 받을 예정이나, 구매자분이 괜찮으시다고 하면 일반 이체거래도 가능은 합니다. 
직거래는 4호선 인덕원~범계역 주변 스타벅스에서 가능합니다. 
+오늘 4시 전후 거래 한정으로 여의도 IFC몰 부근 거래도 가능합니다",1,62,경기도 의왕시 내손2동지역인증,상점후기1,라인050상품10팔로워0,21-04-27 23:16:39,
1_37,mbpro_210427231657,mbpro,맥북 프로 터치바 13인치 : 512기가!!,"1,300,000원",18시간 전,"제품설명
: 2020년 9월 구매했습니다.
처음에는 256기가여도 전혀 불편함은 없어요. 하지만 하루이틀 쓸 것도 아닌데 사용하다가 점점 용량이 채워지고 남은 용량이 여유롭지않게 되면 바로 확연히 차이가 납니다.
256기가를 다 채우면 256기가짜리는 용량이 부족해서 사용하는 데에 어려움을 겪게 되지만, 512기가짜리는 아직 200기가는 여유롭죠.👍🏻

*제품사용용도
: 넷플릭스, 유투브 시청하고 음악 듣는 용도로만 사용했습니다. 노트북을 산 달부터 일을 안해서 집에서만 주로 사용해서 가지고 나간 경우는 거의 없어 한 손으로 셀 정도에요. 가지고 나가더라도 차량 이용하였고, 키보드 커버와 노트북 파우치 사용하여서 외관상 큰 기스나 흠은 거의 없습니다.

*판매사유
: 가끔 일을 할 때에 인터넷 익스플로러에서만 구동이 되는 사이트에 접속을 해야할 일이 잦아 아무래도 결국 국산 노트북을 새로 사야할 것 같아 판매합니다.

*제품구성
: 구매할 당시 받은 구성품 모두 가지고 있어 박스에 담아 그대로 드리며, 추가로 제가 따로 구매한 (사용감은 있지만 유용하게 쓰실) 키보드 커버, 노트북 파우치, usb3.0포트젠더까지 드립니다.

#찔러보지마세요
#설명외문의사항은톡주세요",4,124,광주광역시 서구 양3동,상점후기6,세컨핸즈스토리지상품20팔로워9,21-04-27 23:16:57,
1_38,mbpro_210427231714,mbpro,맥북프로16인치512기가램16터치바,"1,870,000원",18시간 전,"2018형 맥북프로 터치바 모델 판매합니다

저장공간은 512기가
메모리는 16기가
코어는 i7 입니다
당시 i9이 발열이 심하다 하여 일부러
7으로 구매했습니다


키보드 교체 한번 받았습니다


톡주시면 더 자세한 사항 알려드릴게요

당시 공홈에서 337만원 주고 구매했습니다",3,239,부산광역시 북구 화명제3동지역인증,상점후기,루루웅상품5팔로워0,21-04-27 23:17:14,
1_39,mbpro_210427231732,mbpro,맥북프로 2017 13인치,"770,000원",19시간 전,"MacBook Pro 2017 맥북 프로 13인치에요.
잠실 롯데월드 willy’s 매장에서 구매했었어요.
자세한 사양은 사진 참고 부탁드려요.
현재 빅서로 업그레이드 시킨 상태에요.
확인 되는 생활기스는 우선 사진으로 찍어서 올려 두었으니 이부분도 참고 부탁드려요.
예민하신분들은 패스 부탁드려요.

가격은 사진에서 보시는것처럼
* Apple MacBook Pro 2017 맥북 프로 13인치
* Apple 61W USB-C 전원 어댑터
* 케이블선 (Apple 제품 아닌 일반제품)
* Apple USB-C-USB어댑터
* Apple Magic Mouse (케이블 미포함)

모두 포함 가격이며 따로 각각 판매하지 않으니 구매하실때 참고 부탁드려요~

케이블선 빼고는 다 잠실 롯데월드 willy’s 매장에서 구매했어요.

문서 작성용으로만 사용했어서 거의 사용하지 않았어요. 다른 노트북으로 갈아타면서 내놓아요.
네고는 정중히 사양하겠습니다

잠실 홈플러스, 암사역 직거래 가능하면 택배 원하시면 착불로 택배 가능해요.",4,188,서울특별시 강동구 암사제2동지역인증,상점후기,hingaus상품5팔로워0,21-04-27 23:17:32,
1_40,mbpro_210427231749,mbpro,맥북프로 16인치 8코어 i9 최고급사양,"2,500,000원",18시간 전,"2019 16인치 맥북프로 판매합니다
최고급 사양
쓸일이 별로 없어서 판매합니다

2.3GHz 8코어 i9 1tb 메모리 16GB


상처없이 깔끔해요~! 

부산직거래 원합니당
추가문의 번톡주세요",2,122,부산광역시 사하구 다대제1동,상점후기43,Hoaloveski상품196팔로워85,21-04-27 23:17:49,
1_41,mbpro_210427231807,mbpro,맥북프로 16인치 8코어 i9 최고급사양,"2,500,000원",18시간 전,"2019 16인치 맥북프로 판매합니다
최고급 사양
쓸일이 별로 없어서 판매합니다

2.3GHz 8코어 i9 1tb 메모리 16GB


상처없이 깔끔해요~! 

부산직거래 원합니당
추가문의 번톡주세요",2,122,부산광역시 사하구 다대제1동,상점후기43,Hoaloveski상품196팔로워85,21-04-27 23:18:07,
1_42,mbpro_210427231813,mbpro,2014 맥북 프로 13인치 입니다,"500,000원",20시간 전,"2014 맥북 프로 13인치 입니다

CPU: 2.8GHz 듀얼코어 Intel Core i5
메모리: 8GB DDR3
SSD: 512GB
그래픽: Intel Iris 5100
Display: 2560 * 1600(WQXGA) 레티나 디스플레이

베터리 사이클 : 166
OS 는 공장초기화 해서 Yosemite 로 설치 되어 있고
2014년형 13인치 맥북중에 고급 사양입니다.

더 자세한 제품 사양은 MGX92KH/A 를 찾아보시면 됩니다.

구성품은 본체와 충전 어뎁터이고 박스는 없습니다.
썬더볼트 포트에 사용할 수 있는 사진에 첨부돼있는  모니터 젠더와 네트워크 젠더 드립니다.

직거래 원하며 상봉역이나 중랑역 또는 그 중간쯤도 좋습니다.",0,10,서울특별시 중랑구 중화제2동,상점후기,가온씨드상품1팔로워0,21-04-27 23:18:13,
1_43,mbpro_210427231831,mbpro,맥북 프로 16인치 1테라 A2141 미개봉 판매요,"2,850,000원",18시간 전,"번개페이 불가

맥북프로 16인치 1테라 A2141 미개봉 2,850,000원

매장은 대구 상인동입니다.
지역은 대구입니다. 원하시면 택배, 
퀵으로 배송해드립니다. 

택배가능(선불)로 보내드립니다.

상태는 미개봉 새제품입니다.

제품 상태는 사진으로 퀄리티 구분하실 수 있습니다.

매장은 대구 (상인동)입니다.

문의는 : 010
3338
8956",3,310,대구광역시 달서구 상인2동지역인증,상점후기23,needphone상품54팔로워82,21-04-27 23:18:31,
1_44,mbpro_210427231848,mbpro,맥북프로 16인치 8코어 i9 최고급사양,"2,500,000원",18시간 전,"2019 16인치 맥북프로 판매합니다
최고급 사양
쓸일이 별로 없어서 판매합니다

2.3GHz 8코어 i9 1tb 메모리 16GB


상처없이 깔끔해요~! 

부산직거래 원합니당
추가문의 번톡주세요",2,122,부산광역시 사하구 다대제1동,상점후기43,Hoaloveski상품196팔로워85,21-04-27 23:18:48,
1_45,mbpro_210427231906,mbpro,2014 맥북 프로 13인치 입니다,"500,000원",20시간 전,"2014 맥북 프로 13인치 입니다

CPU: 2.8GHz 듀얼코어 Intel Core i5
메모리: 8GB DDR3
SSD: 512GB
그래픽: Intel Iris 5100
Display: 2560 * 1600(WQXGA) 레티나 디스플레이

베터리 사이클 : 166
OS 는 공장초기화 해서 Yosemite 로 설치 되어 있고
2014년형 13인치 맥북중에 고급 사양입니다.

더 자세한 제품 사양은 MGX92KH/A 를 찾아보시면 됩니다.

구성품은 본체와 충전 어뎁터이고 박스는 없습니다.
썬더볼트 포트에 사용할 수 있는 사진에 첨부돼있는  모니터 젠더와 네트워크 젠더 드립니다.

직거래 원하며 상봉역이나 중랑역 또는 그 중간쯤도 좋습니다.",0,10,서울특별시 중랑구 중화제2동,상점후기,가온씨드상품1팔로워0,21-04-27 23:19:06,
1_46,mbpro_210427231924,mbpro,맥북프로 16인치 8코어 i9 최고급사양,"2,500,000원",18시간 전,"2019 16인치 맥북프로 판매합니다
최고급 사양
쓸일이 별로 없어서 판매합니다

2.3GHz 8코어 i9 1tb 메모리 16GB


상처없이 깔끔해요~! 

부산직거래 원합니당
추가문의 번톡주세요",2,122,부산광역시 사하구 다대제1동,상점후기43,Hoaloveski상품196팔로워85,21-04-27 23:19:24,
1_47,mbpro_210427231941,mbpro,맥북프로 16인치 8코어 i9 최고급사양,"2,500,000원",18시간 전,"2019 16인치 맥북프로 판매합니다
최고급 사양
쓸일이 별로 없어서 판매합니다

2.3GHz 8코어 i9 1tb 메모리 16GB


상처없이 깔끔해요~! 

부산직거래 원합니당
추가문의 번톡주세요",2,122,부산광역시 사하구 다대제1동,상점후기43,Hoaloveski상품196팔로워85,21-04-27 23:19:41,
1_48,mbpro_210427231959,mbpro,2014 맥북 프로 13인치 입니다,"500,000원",20시간 전,"2014 맥북 프로 13인치 입니다

CPU: 2.8GHz 듀얼코어 Intel Core i5
메모리: 8GB DDR3
SSD: 512GB
그래픽: Intel Iris 5100
Display: 2560 * 1600(WQXGA) 레티나 디스플레이

베터리 사이클 : 166
OS 는 공장초기화 해서 Yosemite 로 설치 되어 있고
2014년형 13인치 맥북중에 고급 사양입니다.

더 자세한 제품 사양은 MGX92KH/A 를 찾아보시면 됩니다.

구성품은 본체와 충전 어뎁터이고 박스는 없습니다.
썬더볼트 포트에 사용할 수 있는 사진에 첨부돼있는  모니터 젠더와 네트워크 젠더 드립니다.

직거래 원하며 상봉역이나 중랑역 또는 그 중간쯤도 좋습니다.",0,10,서울특별시 중랑구 중화제2동,상점후기,가온씨드상품1팔로워0,21-04-27 23:19:59,
1_49,mbpro_210427232017,mbpro,맥북 프로 16인치 1테라 A2141 미개봉 판매요,"2,850,000원",18시간 전,"번개페이 불가

맥북프로 16인치 1테라 A2141 미개봉 2,850,000원

매장은 대구 상인동입니다.
지역은 대구입니다. 원하시면 택배, 
퀵으로 배송해드립니다. 

택배가능(선불)로 보내드립니다.

상태는 미개봉 새제품입니다.

제품 상태는 사진으로 퀄리티 구분하실 수 있습니다.

매장은 대구 (상인동)입니다.

문의는 : 010
3338
8956",3,310,대구광역시 달서구 상인2동지역인증,상점후기23,needphone상품54팔로워82,21-04-27 23:20:17,
1_50,mbpro_210427232034,mbpro,맥북프로 16인치 i9 8core,"3,400,000원",20시간 전,"사진에서 보시다시피 4월 4일에 사고 개봉하고
사용을 안했습니다(취업하면서 맥북이 또 생겨서..)
새제품과 다름 없으며 보험까지 적용된 상태입니다(영수증 확인)
직거래 환영합니다(중랑구) 네고는 사양합니다
매직키보드, 트랙패드 원하시면 각 10만원씩 판매합니다",0,20,서울특별시 중랑구 망우본동,상점후기,규밥비트상품1팔로워0,21-04-27 23:20:34,
1_51,mbpro_210427232052,mbpro,맥북프로 15인치 CTO 터치바 고급형 (18년 3월 구입),"1,700,000원",18시간 전,"18년도 3월 구매.
집에서 영화 문서작성용도로 사용했습니다.
터치바 고급형이라고 알고 있습니다.
현재 사진은 이전사진이여서 사이클수는 증가되어있고
(수정했습니다. 현재 사진입니다. 사이클 현재. 10/29일 입니다.)

구성품은 풀박 입니다.
외관은 필름 장착하여 사용하였고 스크래치나 충격을 준 전 단 한번 없습니다.


거래는 직거래 우선이며 
(전자기기이고 고가이기때문에 확인하고 구매하세요.)
택배거래도 하지만 선입금이고 착불로 진행하며
반품 없습니다.

거래는 합정 홍대 부근에서 진행하며 
협의시 서울권 안에서는 이동가능합니다.

업무중에는 휴대폰소지가 불가해서 답장이 늦을수 있으나
씹지는 않으니 조금만 기다려주시면 답변드리겠습니다.
문의주시면 제가 아는 한도내에서는 전부 답변 드리겠습니다

많은 연락주세요~ 감사합니다^^",14,620,전국,상점후기4,놀자점포상품51팔로워5,21-04-27 23:20:52,
1_52,mbpro_210427232109,mbpro,맥북프로 2018 15인치 터치바 512GB(고급형) 판매합니다.,"1,500,000원",18시간 전,"제조년월 : 2018년 10월 생산
맥북프로 15인치 
스페이스그레이/2.6GHz 6C/ 16GB/ 라데온프로560x/ 512GB

풀박스 입니다.
주로 넷플릭스, 인터넷 하는데에 사용 하였습니다 
사진에 보시다시피 사이드에 아주 살짝 기스 있습니다. 
그 외에 생활기스 있구요, 자판, 액정 모두 상태 양호 합니다.
구매시 사진에 보이시는 케이스, 접지케이블 모두 드립니다.
접지케이블은 따로 구매 하였습니다. (5만원상당)
일반 케이블을 충전하면서 
맥북을 사용하는데 정전기가 발생해 불편하여
정품 접지케이블을 따로 구매하여 사용했습니다. 
접지케이블도 같이 드립니다.
거래는 직거래로 만 거래하며
거래지역은 파주 운정, 일산동구, 일산서구 지역에서 
직거래 합니다. 

초기화 작업해서 드립니다.
택배거래는 불가 합니다.

",4,59,경기도 고양시 일산동구 장항1동,상점후기1,브엘세바상품1팔로워0,21-04-27 23:21:09,
1_53,mbpro_210427232127,mbpro,맥북프로 15인치 CTO 터치바 고급형 (18년 3월 구입),"1,700,000원",18시간 전,"18년도 3월 구매.
집에서 영화 문서작성용도로 사용했습니다.
터치바 고급형이라고 알고 있습니다.
현재 사진은 이전사진이여서 사이클수는 증가되어있고
(수정했습니다. 현재 사진입니다. 사이클 현재. 10/29일 입니다.)

구성품은 풀박 입니다.
외관은 필름 장착하여 사용하였고 스크래치나 충격을 준 전 단 한번 없습니다.


거래는 직거래 우선이며 
(전자기기이고 고가이기때문에 확인하고 구매하세요.)
택배거래도 하지만 선입금이고 착불로 진행하며
반품 없습니다.

거래는 합정 홍대 부근에서 진행하며 
협의시 서울권 안에서는 이동가능합니다.

업무중에는 휴대폰소지가 불가해서 답장이 늦을수 있으나
씹지는 않으니 조금만 기다려주시면 답변드리겠습니다.
문의주시면 제가 아는 한도내에서는 전부 답변 드리겠습니다

많은 연락주세요~ 감사합니다^^",14,620,전국,상점후기4,놀자점포상품51팔로워5,21-04-27 23:21:27,
1_54,mbpro_210427232144,mbpro,2018 맥북프로 13인치 16g cto,"1,090,000원",19시간 전,"영문판입니다 
스페이스 그레이

책상에서 써서 상태 좋습니다",2,132,경기도 과천시 부림동,상점후기4,990000상품74팔로워40,21-04-27 23:21:44,
1_55,mbpro_210427232202,mbpro,맥북프로 16인치 고급형 cto 스그,"2,650,000원",19시간 전,2020년 10월구매하였고 애플마우스 벨킨허브 포함가격입니다  상태는 거의 새상품이며 제가 육안으로봤을땐 잔기스도 없습니다 직거래 춘천이고 궁금하신사항은 연락주세요!ㅎㅎ,14,587,강원도 춘천시 근화동,상점후기19,ooStore상품18팔로워16,21-04-27 23:22:02,
1_56,mbpro_210427232220,mbpro,맥북프로 15년,"800,000원",20시간 전,"모니터 필름 부착
본체 앞면 필름x (최근에 떨어짐)
본체 뒷면 필름o
잔기스  거의 없음

지역 : 부산 직거래",1,136,부산광역시 동구 좌천동지역인증,상점후기,인스파이어급처분상품7팔로워2,21-04-27 23:22:20,
1_57,mbpro_210427232237,mbpro,맥북프로 16인치 i9 8core,"3,400,000원",21시간 전,"사진에서 보시다시피 4월 4일에 사고 개봉하고
사용을 안했습니다(취업하면서 맥북이 또 생겨서..)
새제품과 다름 없으며 보험까지 적용된 상태입니다(영수증 확인)
직거래 환영합니다(중랑구) 네고는 사양합니다
매직키보드, 트랙패드 원하시면 각 10만원씩 판매합니다",0,21,서울특별시 중랑구 망우본동,상점후기,규밥비트상품1팔로워0,21-04-27 23:22:37,
1_58,mbpro_210427232255,mbpro,2016맥북프로 13인치 논터치바 노트북 판매합니다.,"600,000원",20시간 전,"제조일자 : 2016.04.18
모델명 : MacBook Pro (13-inch, 2016, Two Thunderbolt 3 ports)
CPU : 인텔코어 i5
RAM :  8GB
VGA : 내장그래픽 (Iris 540) 
SSD: 256GB
해상도 : 2560x1600
OS : macOS Big Sur (11.0.1)
배터리상태 : 114 사이클
보증기간 : (기간종료) 소비자보호법 적용 대상
구성품 : 본체 + 충전기 + 파우치

방에서 사용한 제품이다보니, 외관 상태는 매우 깔끔합니다.
초기화 하려고 서비스센터 방문해서 4만4천원 주고 초기화 하고 안쓰고 있는중입니다.",0,25,전국,상점후기31,라올시스템상품342팔로워32,21-04-27 23:22:55,
1_59,mbpro_210427232312,mbpro,2018 맥북프로 13인치 터치바 영문판 16g cto,"1,090,000원",19시간 전,"영문판입니다 
스페이스 그레이

책상에서 써서 상태 좋습니다",3,135,경기도 과천시 부림동,상점후기4,990000상품74팔로워40,21-04-27 23:23:12,
1_60,mbpro_210427232330,mbpro,2018 맥북프로 13인치 터치바 영문판 16g cto,"1,090,000원",19시간 전,"영문판입니다 
스페이스 그레이

책상에서 써서 상태 좋습니다",3,135,경기도 과천시 부림동,상점후기4,990000상품74팔로워40,21-04-27 23:23:30,
1_61,mbpro_210427232347,mbpro,맥북프로 16인치 스페이스그레이,"2,000,000원",20시간 전,"맥북 프로 16인치 기본형 스페이스 그레이
상태 A급 풀박스
자세한 사양은 사진 속 확인 부탁드립니다

사진 속 맥북 파우치(인케이스 제품)와
실리콘 키스킨(힐링쉴드제품)도 같이 드려요
전면과 터치바, 패드에 힐링쉴드 필름을 부착했습니다
원하시면 후면과 좌측 등 풀커버 필름 드려요
정품 충전기는 사용감이 조금 있지만 
충전하는데에는 문제가 전혀 없습니다

택배거래 직거래 모두 가능합니다
직거래는 춘천이나 원주 가능합니다 서울쪽도 문의가능하세요
쿨거 에눌있습니다",5,201,전국,상점후기,dbdddnnbb상품1팔로워1,21-04-27 23:23:47,
1_62,mbpro_210427232405,mbpro,맥북프로케이스,"5,000원",21시간 전,맥북13인치,5,404,울산광역시 남구 무거동지역인증,상점후기13,천원상점네상품44팔로워10,21-04-27 23:24:05,
1_63,mbpro_210427232424,mbpro,맥북프로 케이스,"5,000원",21시간 전,13인치용,0,56,울산광역시 남구 무거동지역인증,상점후기13,천원상점네상품44팔로워10,21-04-27 23:24:24,
1_64,mbpro_210427232442,mbpro,맥북프로 케이스,"5,000원",21시간 전,13인치용,0,56,울산광역시 남구 무거동지역인증,상점후기13,천원상점네상품44팔로워10,21-04-27 23:24:42,
1_65,mbpro_210427232459,mbpro,[S급 무상 남음]맥북프로2020 13  i7 16G 256G 팝니다,"1,500,000원",19시간 전,"맥북 프로 2020년형 13인치 CTO

​CPU: i7- 1.7G 터보부스트 4.5G
메모리 : 16GB
SSD : 256GB
배터리 사이클 10
색상 : 스페이스 그레이
​구매일 2020/07/11
정가 : 약 251만
애플케어 2021년 7월 12일 까지 남음 

​실사용 얼마안되 (베싸10) 내.외부 미세생활기스도 없이 깨끗한 S급  맥북프로 13인치 입니다.
출장및 이동하면서 쓸려고 구매 했으나
내근직으로 바껴  사용이 많지 않아 내놓습니다 
구매 풀박스 구성입니다.

​전라도 광주 직거래 지방 택배거래가능합니다 

업무중일수있으니 문자메세지 번톡 먼저부탁드립니다 
",16,1254,광주광역시 북구 중흥동지역인증,상점후기31,최상제품만팔아요상품382팔로워30,21-04-27 23:24:59,
1_66,mbpro_210427232517,mbpro,미개봉 맥북프로 16인치 MVVJ2KH/A 스페이스 그레이 팝니다,"2,400,000원",21시간 전,"-설명-
미개봉 맥북프로 16인치 기본형MVVJ2KH/2 미개봉
색상 : 스페이스 그레이
제조년월 : 4월 / 2021년 
애플코리아 정품


보증기간은 개봉 후 사용하시는 순간부터 활성화됩니다.

제 후기 보시고 믿고 거래하셔도 됩니다!!
궁금하신부분 있으시면 번톡주세요!",1,38,전라남도 목포시 부주동지역인증,상점후기8,쿨거시에눌해드려요상품15팔로워0,21-04-27 23:25:17,
1_67,mbpro_210427232535,mbpro,2015년형Mid 맥북프로 레티나 15인치 판매합니다,"750,000원",21시간 전,"2015년형Mid 맥북프로 레티나 15인치 판매합니다.

외관 A급이며 상판 키보드 부분 기스 찍힘 없습니다.
하판에 생활기스들은 존재 합니다.


공식센터에서 상판 교체 되었고 배터리 효율이 낮아
배터리 따로 새것으로 교체 되었습니다.

프로그램 원하시는 분에 한하여 그냥 셋팅해 드릴수 있습니다.
(파컷,모션,컴프레셔,로직,메인스테이지,오피스등)

기본형에서 SSD CTO 모델입니다.

Cpu : 2.2 GHz Intel Core i7
메모리 : 16GB
저장장치 : SSD 512GB
그래픽 : Intel Iris Pro 
베터리 사이클 : 1

75만원에 판매합니다.",2,19,경기도 수원시 팔달구 인계동지역인증,상점후기17,찐스님상품8팔로워38,21-04-27 23:25:35,
1_68,mbpro_210427232552,mbpro,2015년형Mid 맥북프로 레티나 15인치 판매합니다,"750,000원",21시간 전,"2015년형Mid 맥북프로 레티나 15인치 판매합니다.

외관 A급이며 상판 키보드 부분 기스 찍힘 없습니다.
하판에 생활기스들은 존재 합니다.


공식센터에서 상판 교체 되었고 배터리 효율이 낮아
배터리 따로 새것으로 교체 되었습니다.

프로그램 원하시는 분에 한하여 그냥 셋팅해 드릴수 있습니다.
(파컷,모션,컴프레셔,로직,메인스테이지,오피스등)

기본형에서 SSD CTO 모델입니다.

Cpu : 2.2 GHz Intel Core i7
메모리 : 16GB
저장장치 : SSD 512GB
그래픽 : Intel Iris Pro 
베터리 사이클 : 1

75만원에 판매합니다.",2,19,경기도 수원시 팔달구 인계동지역인증,상점후기17,찐스님상품8팔로워38,21-04-27 23:25:52,
1_69,mbpro_210427232610,mbpro,2018 맥북프로 13인치 16g cto,"1,090,000원",19시간 전,"영문판입니다 
스페이스 그레이

책상에서 써서 상태 좋습니다",2,133,경기도 과천시 부림동,상점후기4,990000상품74팔로워40,21-04-27 23:26:10,
1_70,mbpro_210427232628,mbpro,애플 M1 맥북프로 터치바 13인치 2020,"1,360,000원",2일 전,"맥북프로 13인치 2020 M1칩 기본형 실버
애플 M1칩(8코어 CPU, 8코어 GPU, 16코어 뉴럴엔진)
8G 통합메모리
256G SSD
상태 S급 풀박스

애플 파이널컷,모션,컴프레서,로직프로,메인스테이지
워드,엑셀,파워포인트
포토샵,일러스트,인디자인,프리미어,애프터이펙트
에이블톤,키샷,라이노,스케치업 등 다수
원하시는데로 무료 세팅해드립니다.

우체국 특수포장으로 당일 발송
1호선 주안,부평,부천,소사,가산디지털, 2호선 신도림역 주변 직거래 가능",77,4970,서울특별시 구로구 신도림동,상점후기145,맥월드상품667팔로워1452,21-04-27 23:26:28,
1_71,mbpro_210427232634,mbpro,맥북프로 2017 15인치 256gb 터치바,"1,000,000원",20시간 전,"​

​

풀박스이구요 제조일자 2018 2월입니다

사이클 255로 특별한 하자 없습니다

자세한 사진 참고해주시구요

세종, 서울 직거래 가능합니다.",7,176,세종특별자치시  보람동지역인증,상점후기9,dododooo상품28팔로워0,21-04-27 23:26:34,
1_72,mbpro_210427232641,mbpro,[새배터리교체] 13인치 맥북프로 2017 i5 8G SSD128G 팝니,"695,000원",19시간 전,"APPLE 2017 맥북프로13 MPXQ2KH/A 
상세 스펙
33.78cm(13.3인치) / 인텔 / 코어i5-7세대 / 카비레이크 / i5-7360U (2.3GHz) / 
듀얼코어 / 운영체제(OS): macOS Sierra / 2560x1600(WQXGA) / DCI-P3: 지원 /
 광시야각 / Retina / LPDDR3(온보드) / 8GB / SSD / 128GB / 내장그래픽 /
 Iris Plus 640 / 802.11ac(Wi-Fi 5) / 웹캠(HD) / 썬더볼트3: 2개 / USB 3.1 Type-C /
 USB-A없음 / 키보드 라이트 / USB-PD / ㅡ형 방향키 / 충전단자: 타입C /
 두께: 14.9mm / 무게: 1.37kg / 일반유통상품 / 용도: 사무/인강용, 휴대용 / 색상: 그레이 

구매 2017년 6월 
베터리 방전으로 샤제품 교체흐로 베싸 1 입니다. 한군데 미세 찍힘과 전체적으로 생활기스 있는 
B+급입니다ㅡ 감안해서 가격조정했습니다.
 크기작고 무게도 별로 무겁지 않아 부담없이 이동하면서 쓰시면 좋습니다.

맥프로/사제가방/정품충전기/구성입니다.

광주광역시 북구 직거래 배달시 1만 추가 입니다",8,590,광주광역시 북구 문화동,상점후기31,최상제품만팔아요상품382팔로워30,21-04-27 23:26:41,
1_73,mbpro_210427232647,mbpro,2020 맥북프로 13(m1),"1,350,000원",21시간 전,"21년도 2월중순에 쿠팡에서 구입하여 집에서만써온 맥북프로 판매합니다. 투명케이스 장착한상태로 사용했고 기스하나도없습니다. 거이 새거라고보시면됩니다.
구매하실분은 번톡주세요. 매직마우스 파우치는 그냥드립니다.",10,265,서울특별시 동대문구 답십리제2동지역인증,상점후기1,쿨거래해여5상품21팔로워3,21-04-27 23:26:47,
1_74,mbpro_210427232654,mbpro,맥북 프로 16인치 기본형,"2,250,000원",21시간 전,맥북 프로 16인치 기본형입니다. 사이클은 19고요 m1x로 갈아타려고 팔게 되었습니다. 평소에 전자기기를 워낙 조심히 쓰다보니 생활기스마저도 없습니다. 충전기랑 박스 다 있고요. 직거래는 서울이나 김포에서 합니다. 택배는 안합니다. 네고 가능합니다,0,45,경기도 김포시 장기동지역인증,상점후기3,북한산할머니상품9팔로워0,21-04-27 23:26:54,
1_75,mbpro_210427232711,mbpro,맥북프로 레티나 2015년Mid 15인치 기본형 판매합니다.,"650,000원",21시간 전,"맥북프로레티나 2015년Mid 15인치
기본형 판매합니다.

외관은 전체적으로 매우 깨끗합니다.
생활기스등은 존재 하나 크게 보이는 기스나 찍힘 없습니다.

필요하신분에 한하여 프로그램도 셋팅해 드릴수 있습니다.
(로직,파컷,컴프레셔,모션,오피스,어도비등)

수원 권선동 중앙병원 부근 직거래합니다.
박스는 없고 본체와 아답터만 드립니다.

사양
CPU: 2.2 GHz Intel Core i7
메모리: 16GB 1600 MHz DDR3 
저장장치: SSD 256G
그래픽: Intel Iris Pro 1536MB 
사이클 : 132회

65만원에 판매합니다.",1,21,경기도 수원시 팔달구 인계동지역인증,상점후기17,찐스님상품8팔로워38,21-04-27 23:27:11,
1_76,mbpro_210427232718,mbpro,맥북프로 15인치 레티나 2015년Mid 기본형 판매합니다.,"650,000원",21시간 전,"맥북프로 레티나 2015년Mid 기본형 판매합니다.

외관은 전체적으로 매우 깨끗합니다.
생활기스등은 존재 하나 크게 보이는 기스나 찍힘 없습니다.

필요하신분에 한하여 프로그램도 셋팅해 드릴수 있습니다.
(로직,파컷,컴프레셔,모션,오피스,어도비등)

수원 권선동 중앙병원 부근 직거래합니다.
박스는 없고 본체와 아답터만 드립니다.

사양
CPU: 2.2 GHz Intel Core i7
메모리: 16GB 1600 MHz DDR3 
저장장치: SSD 256G
그래픽: Intel Iris Pro 1536MB 
사이클 : 132회
65만원에 판매합니다.",0,17,경기도 수원시 권선구 구운동지역인증,상점후기,맥플레이스상품12팔로워2,21-04-27 23:27:18,
1_77,mbpro_210427232724,mbpro,2017 맥북프로 13인치 256GB 터치바 그레이 3.1 모델,"850,000원",21시간 전,"🔴제품 사양 




33.78cm(13.3인치) / 인텔 / 코어i5-7세대 / 카비레이크 / i5-7267U (3.1GHz) / 듀얼코어 / 운영체제(OS): macOS Sierra / 2560x1600(WQXGA) / DCI-P3: 지원 / 광시야각 / Retina / LPDDR3(온보드) / 8GB / SSD / 256GB / 내장그래픽 / Iris Plus 650 / 802.11ac(Wi-Fi 5) / 웹캠(HD) / 썬더볼트3: 4개 / USB 3.1 Type-C / USB-A없음 / 키보드 라이트 / 지문 인식 / USB-PD / 터치바 / ㅡ형 방향키 / 충전단자: 타입C / 두께: 14.9mm / 무게: 1.37kg / 일반유통상품 / 용도: 사무/인강용, 휴대용 / 색상: 그레이
🔴 설명



사이클 수 16으로 실사용 별로 없는 맥북입니다.

직접 보시면 기스하나 없을만큼 상태 매우 깔끔하며,

영상시청 용도로 사용되었던 맥북입니다.













🔴구성품 

​

노트북 , 충전기



🔴 택배 안내(직거래, 퀵 가능) 

​

⚡택배 매일 17시 이전 주문시 당일출고 

​

⚡우체국 택배 이용으로 평균 다음날 도착 

​

⚡두꺼운 뽁뽁이포장으로 안전합니다. 

",0,20,인천광역시 서구 청라1동,상점후기107,전자마켓인천상품804팔로워805,21-04-27 23:27:24,
1_78,mbpro_210427232742,mbpro,맥북프로 I5 3 세대 A1278,"340,000원",21시간 전,"CPU : I5 3세대 
램 : 8기가 
그래픽 : 인텔 HD4000
애플 500기가 사타 

벡라이트 키보드
13.3 인치 


부탕속도 빠르고 
로직 잘 돌아가고
포토샵 작업 원활하게 가능합니다 

부산 정관신도시에서 직거래 및 타지역 택배
가능합니다",307,15446,부산광역시 기장군 정관읍지역인증,상점후기315,행복을나누는거래상품616팔로워1086,21-04-27 23:27:42,
1_79,mbpro_210427232748,mbpro,맥북프로 A1278 i7모델 팝니다.,"350,000원",21시간 전,"맥북프로 A1278 2011년형 팝니다.

CPU : 인텔 코어 i7 2.7Ghz
그래픽 : 인텔 HD 3000
메모리 : 4GB
하드 : HDD 500GB
화면 : 13.3인치
사이클수 : 86

시리얼넘버 (C02FD9MLDH2H) 적어놓았으니 검색해보시면 자세한 정보 알수 있습니다.

맥OS 하이시에라 새로 설치해 놓았습니다.

구성품은 충전기, 맥북본체 입니다.

외관은 사용감 조금 있으나 전체적으로 양호합니다.

직거래는 서울 3호선 홍제역 근처에서 가능합니다.

연락처. ***-****-****

거래금액 35만원 입니다.",12,701,서울특별시 서대문구 남가좌제1동,상점후기2,마스킷상품15팔로워7,21-04-27 23:27:48,
1_80,mbpro_210427232806,mbpro,맥북 프로 2019 팝니다,"950,000원",2일 전,8gb 이고 사이클수는 17입니다 그 외에 하자는(겉에 스크래치나 자국 일절없습니다) 하나도없고 사진과보시다 시피 일본어자판이지만 한국어로 설정하시면 한국어 키보드랑 똑같습니다. 그리고 구성품은 박스및 충전기와 7만원짜리 가방도 같이드립니다. 애눌은 없습니다.,1,37,전국,상점후기4,천천히사가세요상품5팔로워0,21-04-27 23:28:06,
1_81,mbpro_210427232813,mbpro,"2012년 미드 맥북프로 i7, 16기가, 256기가, 15.4형","480,000원",20시간 전,"맥os 카탈리나 엑셀 워드 파워포인트

배터리 사용량 대략 5시간

액정테두리 약간 벗겨짐",7,509,서울특별시 광진구 구의제3동지역인증,상점후기6,덱스전자상품95팔로워16,21-04-27 23:28:13,
1_82,mbpro_210427232830,mbpro,[출장매입] 맥북 맥북프로 뉴맥북 아이맥 맥미니 맥프로 맥북에어 전제품,0원,20시간 전,"안녕하세요. ""빠르고 편하게"" 노트북, 컴퓨터 등 IT장비 및 전자기기 매입을 도와 드리는 ""디지털 하이텍"" 입니다.
중고 제품, 미개봉 제품, 파손 또는 고장 제품도 매입이 가능하니 부담없이 연락 주셔서 여러분의 지갑을 살찌우세요~
매장방문, 택배발송, 출장매입 선택하여 매각 하실수 있습니다.
오랜 경험으로 차별 없는 견적과 오프라인 매장을 운영하는 믿을수 있는 정식 등록 업체에서 안심하고 거래 하세요.
매입시 매매계약서 작성과 신분증 확인하고 대금은 계좌송금만 가능합니다. ""도난, 분실, 탈세, 명의도용"" 등 불법적인 제품은 즉시 신고 처리 됩니다
문의는 0507 1339 0245 / ***-****-****
카톡id  ****",12,709,서울특별시 강서구 공항동지역인증,상점후기1,디지털하이텍상품10팔로워4,21-04-27 23:28:30,
1_83,mbpro_210427232837,mbpro,맥북 프로 13형 20년 8기가 512 미개봉,"1,300,000원",21시간 전,"미개봉 상품입니다. 
직거래 가능합니다. ",6,100,서울특별시 금천구 가산동지역인증,상점후기,가리봉상회상품1팔로워0,21-04-27 23:28:37,
1_84,mbpro_210427232854,mbpro,맥북 프로 13인치 m1,"2,000,000원",2일 전,"맥북 프로 13  cpu  m1칩 램16  ssd 512 입니다  미개봉 Z11C000B0
220주고 샀는데 필요 없어져서 판매합니다 ",2,34,부산광역시 해운대구 송정동지역인증,상점후기4,내상점112상품66팔로워4,21-04-27 23:28:54,
1_85,mbpro_210427232901,mbpro,맥북프로 16인치 기본형,"2,100,000원",2일 전,"풀박스 입니다. 보증 2021. 5.30일까지…
기본형 그레이 색상입니다. 
상판과 액정부위 제외하고 보호필름 발라놨어요. 
거의 새거라 보심됩니다
울산입니다. ",1,21,울산광역시 남구 선암동지역인증,상점후기2,똥값처분이요상품6팔로워1,21-04-27 23:29:01,
1_86,mbpro_210427232908,mbpro,맥북pro 16 2020 스페이스그레이,"2,600,000원",2일 전,"작년 5월에 샀고 keynote로 문서 작업 넷플릭스 보기 밖에 안했습니다. 
2.6GHz 6코어, intel Core i7, 12MB 공유 L3 캐시 
(최대 4.5GHx Turbo Boost) 
512GB 
윈도우가 더 잘맞아서 윈도우노트북만 쓰려고 팝니다. 
쿨거래시 매직마우스 증정.
맥북 투명하드케이스 쓰고 , 터치바에도 필름 붙여놔서 생활기스도 없는 상태입니다. 원하시면 투명하드케이스도 드립니다~. 박스도 드립니다~. 
금액이 있다보니 직거래 선호합니다. 효창공원앞역 
",0,12,서울특별시 용산구 원효로제1동지역인증,상점후기,영석이네12상품2팔로워0,21-04-27 23:29:08,
1_87,mbpro_210427232926,mbpro,맥북프로 2017논터치바,"650,000원",2일 전,"맥북프로2017 논터치바 판매합니다
박스는 없습니다 ㅠ
구성품은 본체랑 충전기 입니당
충전기는 사용감 좀 있는데 사용하는데 전혀 문제 없습니다. 
유튜브보는데 몇번 사용하고 거의 사용 안해서 
모서리 찍힘도 없고 아랫면에 생활기스 정도 있습니다
쿨거래시 5만원 네고해드립니다.
구매확정 후 포멧해서 드립니당",2,51,서울특별시 성북구 동선동,상점후기,모양마켓상품16팔로워2,21-04-27 23:29:26,
1_88,mbpro_210427232932,mbpro,"맥북프로 A1276 (2.4ghz, 8gb, ssd 256, 외관A-)","270,000원",21시간 전,"*판매상품 구성
맥북프로, 충전기, 오리지널박스 및 설명서, 스티커 등

*맥북프로 mid 2010, A1278
-13인치
-프로세서 2.4 Ghz intel core duo
-메모리 8gb
-그래픽 NVIDIA Geforce 320M 256MB
-HDD  samsung SSD 256gb

*맥북프로 외관
스크래치, 크랙, 사용감.. 거의 없습니다.(구입후 사용을 거의 안했으니까~)
단 하나, 하단에 5mm 살짝 칠벗겨진 자국이 있습니다.

인터넷 빠릿빠릿하고 화면 아직 짱짱합니다.

최신기종은 필요 없지만 외관은 깨끗한 맥북프로를 원하시면, 아마 이게 취향에 맞으실껍니다.

*직거래
월평1동 미소 전통찻집 근처에서 가능
평일 오후 6-11시
주말 오후 3~11시

*택배거래
계좌 선입금, 반품불가 조건
포장은 에어캡, 스펀지로 2중 포장해서
던져도 문제 없도록 단단히 포장해 드립니다
(포장과정도 사진 보내드림)

*번개페이 사양합니다



",5,100,대전광역시 서구 월평1동지역인증,상점후기4,대전모범시민상품38팔로워0,21-04-27 23:29:32,
1_89,mbpro_210427232939,mbpro,맥북프로 A1502 CTO 레티나 최고사양-,"480,000원",21시간 전,"고성능 CTO 맥북프로
A1502 - 초슬림형

CPU : I5 2.8Ghz 고클럭 퀴드코어 
램 : 8 기가 
그래픽 : 인텔아이리스  1.5 gb 메모리 
디스플레이 - 13.3 인치 레티나 2560 x 1600
하드 : Apple 고속 SSD256기가
벡라이트 키보드

맥 카탈리나새로 설치 되어 있습니다^^ 

빠릿빠릿 해서 음악작업 및 
비즈니스 용도로 안성 맞춤입니다",259,9019,부산광역시 기장군 정관읍지역인증,상점후기315,행복을나누는거래상품616팔로워1086,21-04-27 23:29:39,
1_90,mbpro_210427232957,mbpro,2015 맥북프로 13인치 250기가,"500,000원",23시간 전,2015 맥북 프로 임당-! 구성품 충전기 본체 박스 구성이구여 기스는 사진에 올려둔 기스 말고는 딱히 없는거 같아요 투명케이스 원하시면 드리구여 뭐냐 저거 맥북 올려두는 받침대도 필요하심 드려요,0,36,대구광역시 수성구 지산1동지역인증,상점후기13,크리링링상품4팔로워9,21-04-27 23:29:57,
1_91,mbpro_210427233003,mbpro,[새배터리교체] 13인치 맥북프로 2017 i5 8G SSD128G 팝니,"695,000원",19시간 전,"APPLE 2017 맥북프로13 MPXQ2KH/A 
상세 스펙
33.78cm(13.3인치) / 인텔 / 코어i5-7세대 / 카비레이크 / i5-7360U (2.3GHz) / 
듀얼코어 / 운영체제(OS): macOS Sierra / 2560x1600(WQXGA) / DCI-P3: 지원 /
 광시야각 / Retina / LPDDR3(온보드) / 8GB / SSD / 128GB / 내장그래픽 /
 Iris Plus 640 / 802.11ac(Wi-Fi 5) / 웹캠(HD) / 썬더볼트3: 2개 / USB 3.1 Type-C /
 USB-A없음 / 키보드 라이트 / USB-PD / ㅡ형 방향키 / 충전단자: 타입C /
 두께: 14.9mm / 무게: 1.37kg / 일반유통상품 / 용도: 사무/인강용, 휴대용 / 색상: 그레이 

구매 2017년 6월 
베터리 방전으로 샤제품 교체흐로 베싸 1 입니다. 한군데 미세 찍힘과 전체적으로 생활기스 있는 
B+급입니다ㅡ 감안해서 가격조정했습니다.
 크기작고 무게도 별로 무겁지 않아 부담없이 이동하면서 쓰시면 좋습니다.

맥프로/사제가방/정품충전기/구성입니다.

광주광역시 북구 직거래 배달시 1만 추가 입니다",8,590,광주광역시 북구 문화동,상점후기31,최상제품만팔아요상품382팔로워30,21-04-27 23:30:03,
1_92,mbpro_210427233021,mbpro,[새배터리교체] 13인치 맥북프로 2017 i5 8G SSD128G 팝니,"695,000원",19시간 전,"APPLE 2017 맥북프로13 MPXQ2KH/A 
상세 스펙
33.78cm(13.3인치) / 인텔 / 코어i5-7세대 / 카비레이크 / i5-7360U (2.3GHz) / 
듀얼코어 / 운영체제(OS): macOS Sierra / 2560x1600(WQXGA) / DCI-P3: 지원 /
 광시야각 / Retina / LPDDR3(온보드) / 8GB / SSD / 128GB / 내장그래픽 /
 Iris Plus 640 / 802.11ac(Wi-Fi 5) / 웹캠(HD) / 썬더볼트3: 2개 / USB 3.1 Type-C /
 USB-A없음 / 키보드 라이트 / USB-PD / ㅡ형 방향키 / 충전단자: 타입C /
 두께: 14.9mm / 무게: 1.37kg / 일반유통상품 / 용도: 사무/인강용, 휴대용 / 색상: 그레이 

구매 2017년 6월 
베터리 방전으로 샤제품 교체흐로 베싸 1 입니다. 한군데 미세 찍힘과 전체적으로 생활기스 있는 
B+급입니다ㅡ 감안해서 가격조정했습니다.
 크기작고 무게도 별로 무겁지 않아 부담없이 이동하면서 쓰시면 좋습니다.

맥프로/사제가방/정품충전기/구성입니다.

광주광역시 북구 직거래 배달시 1만 추가 입니다",8,590,광주광역시 북구 문화동,상점후기31,최상제품만팔아요상품382팔로워30,21-04-27 23:30:21,
1_93,mbpro_210427233027,mbpro,2020 맥북프로 13(m1),"1,350,000원",21시간 전,"21년도 2월중순에 쿠팡에서 구입하여 집에서만써온 맥북프로 판매합니다. 투명케이스 장착한상태로 사용했고 기스하나도없습니다. 거이 새거라고보시면됩니다.
구매하실분은 번톡주세요. 매직마우스 파우치는 그냥드립니다.",10,266,서울특별시 동대문구 답십리제2동지역인증,상점후기1,쿨거래해여5상품21팔로워3,21-04-27 23:30:27,
1_94,mbpro_210427233045,mbpro,맥북프로 레티나 2015년Mid 15인치 기본형 판매합니다.,"650,000원",21시간 전,"맥북프로레티나 2015년Mid 15인치
기본형 판매합니다.

외관은 전체적으로 매우 깨끗합니다.
생활기스등은 존재 하나 크게 보이는 기스나 찍힘 없습니다.

필요하신분에 한하여 프로그램도 셋팅해 드릴수 있습니다.
(로직,파컷,컴프레셔,모션,오피스,어도비등)

수원 권선동 중앙병원 부근 직거래합니다.
박스는 없고 본체와 아답터만 드립니다.

사양
CPU: 2.2 GHz Intel Core i7
메모리: 16GB 1600 MHz DDR3 
저장장치: SSD 256G
그래픽: Intel Iris Pro 1536MB 
사이클 : 132회

65만원에 판매합니다.",1,21,경기도 수원시 팔달구 인계동지역인증,상점후기17,찐스님상품8팔로워38,21-04-27 23:30:45,
1_95,mbpro_210427233051,mbpro,애플 맥북프로 터치바 13인치 2020 4포트 i5 16G 1TB,"1,810,000원",2일 전,"13인치 맥북프로 터치바 2020 고급형 (썬더볼트 4포트) 스페이스그레이
인텔 코어 i5 2.0Ghz, 16G램, 1TB SSD
상태 S급 풀박스

부트캠프 혹은 VMWare 방식 윈도우10 설치 가능
애플 파이널컷,모션,컴프레서,로직프로,메인스테이지
워드,엑셀,파워포인트
포토샵,일러스트,인디자인,라이트룸,프리미어,애프터이펙트
에이블톤,키샷,라이노,스케치업 등 다수
원하시는데로 무료 세팅해드립니다.

우체국 특수포장으로 당일 발송
1호선 주안,부평,부천,소사,가산디지털, 2호선 신도림역 주변 직거래 가능",7,721,서울특별시 구로구 신도림동,상점후기145,맥월드상품667팔로워1452,21-04-27 23:30:51,
1_96,mbpro_210427233109,mbpro,맥북프로 15인치 레티나 2015년Mid 기본형 판매합니다.,"650,000원",21시간 전,"맥북프로 레티나 2015년Mid 기본형 판매합니다.

외관은 전체적으로 매우 깨끗합니다.
생활기스등은 존재 하나 크게 보이는 기스나 찍힘 없습니다.

필요하신분에 한하여 프로그램도 셋팅해 드릴수 있습니다.
(로직,파컷,컴프레셔,모션,오피스,어도비등)

수원 권선동 중앙병원 부근 직거래합니다.
박스는 없고 본체와 아답터만 드립니다.

사양
CPU: 2.2 GHz Intel Core i7
메모리: 16GB 1600 MHz DDR3 
저장장치: SSD 256G
그래픽: Intel Iris Pro 1536MB 
사이클 : 132회
65만원에 판매합니다.",0,18,경기도 수원시 권선구 구운동지역인증,상점후기,맥플레이스상품12팔로워2,21-04-27 23:31:09,
1_97,mbpro_210427233116,mbpro,2017 맥북프로 13인치 256GB 터치바 그레이 3.1 모델,"850,000원",21시간 전,"🔴제품 사양 




33.78cm(13.3인치) / 인텔 / 코어i5-7세대 / 카비레이크 / i5-7267U (3.1GHz) / 듀얼코어 / 운영체제(OS): macOS Sierra / 2560x1600(WQXGA) / DCI-P3: 지원 / 광시야각 / Retina / LPDDR3(온보드) / 8GB / SSD / 256GB / 내장그래픽 / Iris Plus 650 / 802.11ac(Wi-Fi 5) / 웹캠(HD) / 썬더볼트3: 4개 / USB 3.1 Type-C / USB-A없음 / 키보드 라이트 / 지문 인식 / USB-PD / 터치바 / ㅡ형 방향키 / 충전단자: 타입C / 두께: 14.9mm / 무게: 1.37kg / 일반유통상품 / 용도: 사무/인강용, 휴대용 / 색상: 그레이
🔴 설명



사이클 수 16으로 실사용 별로 없는 맥북입니다.

직접 보시면 기스하나 없을만큼 상태 매우 깔끔하며,

영상시청 용도로 사용되었던 맥북입니다.













🔴구성품 

​

노트북 , 충전기



🔴 택배 안내(직거래, 퀵 가능) 

​

⚡택배 매일 17시 이전 주문시 당일출고 

​

⚡우체국 택배 이용으로 평균 다음날 도착 

​

⚡두꺼운 뽁뽁이포장으로 안전합니다. 

",0,21,인천광역시 서구 청라1동,상점후기107,전자마켓인천상품804팔로워805,21-04-27 23:31:16,
1_98,mbpro_210427233134,mbpro,맥북프로 2015,"580,000원",2일 전,"아주 상태 깨끗한 맥북프로입니다

배터리도 상태 좋고 작은 기스도 없습니다

부산 롯데백화점 광복점 직거래 또는 택배 거래 가능합니다

***-****-**** 문자메시지 주세요",0,29,부산광역시 중구 중앙동지역인증,상점후기,주경상회상품14팔로워2,21-04-27 23:31:34,
